hv_genes;time;r_value;p_value
500;0:02:46;0.884024201255887;1.42E-38
1000;0:03:49;0.90107729920086;2.48E-21
1500;0:05:45;0.8543720856301533;7.66E-14
2000;0:05:16;0.7270433272153508;0.00037
4000;0:05:36;0.6686442479073542;0.0006742226563324025