n_genes;time;r_value;p_value
50;0:02:40;0.4457146125012293;0.17119953993770706
100;0:02:53;0.8025560906858007;3.33E-14
200;0:03:49;0.90107729920086;2.48E-21
300;0:03:58;0.8610564072832031;1.81E-24
400;0:04:09;0.7307712439871387;0.0006742227035649663
500;0:04:07;0.743571409911511;0.0006742226781240053
600;0:04:33;0.7390445714191548;1.12E-14