Index;r_value;p_value;
0;0.90107729920086 ;2.48E-21;
5;0.7609253990558519 ;3.68E-10;
10;0.7897037861738325 ;1.69E-16;
20;0.7869323132156191 ; 0.00039105981842180794;
40;0.7494798268311461 ;6.51E-05;
80;0.607424801041744 ; 0.0016666670953032203;
130;0.7647309676315626 ;5.02E-10;